,Jugador 1,Victorias 1,Jugador 2,Victorias 2,Profundidad 1,Profundidad 2,Ramificación máxima 1,Ramificación máxima 2,N.º Partidas,Tamaño del Tablero,Tiempo total,Tiempo medio por partida,Tiempo medio para mover 1,Tiempo medio para mover 2
0,Agente Aleatorio,"(24, '12.0%')",Agente Basado en Reglas,"(176, '88.0%')",0,0,0,0,200,2,0.05750632286071777,0.00028753161430358884,4.833569129308064e-05,3.317534923553467e-05
1,Agente Basado en Reglas,"(166, '83.0%')",Agente Aleatorio,"(34, '17.0%')",0,0,0,0,200,2,0.07457304000854492,0.00037286520004272463,3.42978040377299e-05,6.097773710886638e-05
2,Agente Aleatorio,"(19, '9.5%')",Agente Basado en Reglas,"(181, '90.5%')",0,0,0,0,200,5,4.873677730560303,0.024368388652801512,0.00041416180412404607,0.00045992945967756585
3,Agente Basado en Reglas,"(185, '92.5%')",Agente Aleatorio,"(15, '7.5%')",0,0,0,0,200,5,4.7823851108551025,0.02391192555427551,0.0004757309834931613,0.00038911303987302764
4,Agente Aleatorio,"(6, '3.0%')",Agente Basado en Reglas,"(194, '97.0%')",0,0,0,0,200,10,252.6831772327423,1.2634158861637115,0.00308145034259703,0.005709380086458141
5,Agente Basado en Reglas,"(195, '97.5%')",Agente Aleatorio,"(5, '2.5%')",0,0,0,0,200,10,248.09836387634277,1.2404918193817138,0.005646299639125751,0.003025996629627873
