,Jugador 1,Victorias 1,Jugador 2,Victorias 2,Profundidad 1,Profundidad 2,Ramificación máxima 1,Ramificación máxima 2,N.º Partidas,Tamaño del Tablero,Tiempo total,Tiempo medio por partida,Tiempo medio para mover 1,Tiempo medio para mover 2
0,Agente Basado en Reglas,"(0, '0.0%')",Agente Alfa-Beta,"(200, '100.0%')",0,3,0,5,200,2,16.141937971115112,0.08070968985557556,4.433095455169678e-06,0.023218994140624994
1,Agente Alfa-Beta,"(191, '95.5%')",Agente Basado en Reglas,"(9, '4.5%')",3,0,5,0,200,2,20.280516386032104,0.10140258193016052,0.025271265506744384,1.6653537750244141e-06
2,Agente Basado en Reglas,"(73, '36.5%')",Agente Alfa-Beta,"(127, '63.5%')",0,3,0,18,200,3,2008.9649858474731,10.044824929237366,6.905994244984217e-05,1.5961231045524271
3,Agente Alfa-Beta,"(157, '78.5%')",Agente Basado en Reglas,"(43, '21.5%')",3,0,18,0,200,3,2571.086938858032,12.85543469429016,1.955090541775738,0.00013262856574285597
