,Jugador 1,Victorias 1,Jugador 2,Victorias 2,Profundidad 1,Profundidad 2,Ramificación máxima 1,Ramificación máxima 2,N.º Partidas,Tamaño del Tablero,Tiempo total,Tiempo medio por partida,Tiempo medio para mover 1,Tiempo medio para mover 2
0,Agente Basado en Reglas,"(0, '0.0%')",Agente Alfa-Beta,"(200, '100.0%')",0,3,0,3,200,2,4.302034854888916,0.02151017427444458,2.4343331654866534e-05,0.007103938261667887
1,Agente Alfa-Beta,"(200, '100.0%')",Agente Basado en Reglas,"(0, '0.0%')",3,0,3,0,200,2,4.24896240234375,0.02124481201171875,0.007059449354807537,1.1152029037475586e-05
2,Agente Basado en Reglas,"(37, '18.5%')",Agente Alfa-Beta,"(163, '81.5%')",0,3,0,17,200,3,3299.36447429657,16.49682237148285,0.00010113016480491276,2.086230628140388
3,Agente Alfa-Beta,"(107, '53.5%')",Agente Basado en Reglas,"(93, '46.5%')",3,0,20,0,200,3,2884.434756755829,14.422173783779144,1.913180002404583,6.85754418373108e-05
