,Jugador 1,Victorias 1,Jugador 2,Victorias 2,Profundidad 1,Profundidad 2,Ramificación máxima 1,Ramificación máxima 2,N.º Partidas,Tamaño del Tablero,Tiempo total,Tiempo medio por partida,Tiempo medio para mover 1,Tiempo medio para mover 2
0,Agente Aleatorio,"(11, '5.5%')",Agente Alfa-Beta,"(189, '94.5%')",0,2,0,5,200,2,5.083063840866089,0.025415319204330444,6.401300430297852e-05,0.010297979017098747
1,Agente Alfa-Beta,"(186, '93.0%')",Agente Aleatorio,"(14, '7.000000000000001%')",2,0,5,0,200,2,8.298857927322388,0.04149428963661194,0.012317352890968324,0.0001120978593826294
2,Agente Aleatorio,"(13, '6.5%')",Agente Alfa-Beta,"(187, '93.5%')",0,2,0,22,200,3,298.12152123451233,1.4906076061725617,0.00011194511301933772,0.19573568287822934
3,Agente Alfa-Beta,"(192, '96.0%')",Agente Aleatorio,"(8, '4.0%')",2,0,23,0,200,3,379.9576621055603,1.8997883105278015,0.22655277584374897,0.00015794609983762103
