,Jugador 1,Victorias 1,Jugador 2,Victorias 2,Profundidad 1,Profundidad 2,Ramificación máxima 1,Ramificación máxima 2,N.º Partidas,Tamaño del Tablero,Tiempo total,Tiempo medio por partida,Tiempo medio para mover 1,Tiempo medio para mover 2
0,Agente Aleatorio,"(2, '1.0%')",Agente Alfa-Beta,"(198, '99.0%')",0,2,0,5,200,2,1.9334197044372559,0.00966709852218628,7.864773273468018e-05,0.003048085570335388
1,Agente Alfa-Beta,"(195, '97.5%')",Agente Aleatorio,"(5, '2.5%')",2,0,5,0,200,2,3.1021292209625244,0.015510646104812622,0.004318982263406118,7.099171479543051e-05
2,Agente Aleatorio,"(10, '5.0%')",Agente Alfa-Beta,"(190, '95.0%')",0,2,0,22,200,3,234.77813911437988,1.1738906955718995,0.00018593042065398862,0.12278155409958633
3,Agente Alfa-Beta,"(189, '94.5%')",Agente Aleatorio,"(11, '5.5%')",2,0,22,0,200,3,277.03979086875916,1.3851989543437957,0.13471258244369963,0.00012726022107432586
