,Jugador 1,Victorias 1,Jugador 2,Victorias 2,Profundidad 1,Profundidad 2,Ramificación máxima 1,Ramificación máxima 2,N.º Partidas,Tamaño del Tablero,Tiempo total,Tiempo medio por partida,Tiempo medio para mover 1,Tiempo medio para mover 2
0,Agente Aleatorio,"(20, '10.0%')",Agente Basado en Reglas,"(180, '90.0%')",0,0,0,0,200,2,0.06298279762268066,0.0003149139881134033,6.0788393020629884e-05,3.1653245290120447e-05
1,Agente Basado en Reglas,"(178, '89.0%')",Agente Aleatorio,"(22, '11.0%')",0,0,0,0,200,2,0.07000970840454102,0.0003500485420227051,2.7535458405812583e-05,7.533897956212362e-05
2,Agente Aleatorio,"(5, '2.5%')",Agente Basado en Reglas,"(195, '97.5%')",0,0,0,0,200,10,232.9491159915924,1.164745579957962,0.0028599188068871143,0.005269658411836318
3,Agente Basado en Reglas,"(194, '97.0%')",Agente Aleatorio,"(6, '3.0%')",0,0,0,0,200,10,247.40193390846252,1.2370096695423127,0.005671745269909533,0.0030021621502495928
