,Jugador 1,Victorias 1,Jugador 2,Victorias 2,Profundidad 1,Profundidad 2,Ramificación máxima 1,Ramificación máxima 2,N.º Partidas,Tamaño del Tablero,Tiempo total,Tiempo medio por partida,Tiempo medio para mover 1,Tiempo medio para mover 2
0,Agente Basado en Reglas,"(0, '0.0%')",Agente Alfa-Beta,"(200, '100.0%')",0,2,0,5,200,2,8.529882669448853,0.042649413347244265,7.15559720993042e-05,0.010560407936573028
1,Agente Alfa-Beta,"(191, '95.5%')",Agente Basado en Reglas,"(9, '4.5%')",2,0,5,0,200,2,10.239679098129272,0.051198395490646365,0.012744312584400177,3.246307373046874e-05
2,Agente Basado en Reglas,"(40, '20.0%')",Agente Alfa-Beta,"(160, '80.0%')",0,2,0,19,200,3,254.2643175125122,1.271321587562561,7.14736609231858e-05,0.1664585914356368
3,Agente Alfa-Beta,"(179, '89.5%')",Agente Basado en Reglas,"(21, '10.5%')",2,0,23,0,200,3,324.8921880722046,1.6244609403610228,0.19324880603570782,9.349305714879716e-05
