,Jugador 1,Victorias 1,Jugador 2,Victorias 2,Profundidad 1,Profundidad 2,Ramificación máxima 1,Ramificación máxima 2,N.º Partidas,Tamaño del Tablero,Tiempo total,Tiempo medio por partida,Tiempo medio para mover 1,Tiempo medio para mover 2
0,Agente Basado en Reglas,"(0, '0.0%')",Agente Alfa-Beta,"(200, '100.0%')",0,3,0,3,200,2,4.55617094039917,0.02278085470199585,4.746317863464355e-05,0.007519121170043945
1,Agente Alfa-Beta,"(200, '100.0%')",Agente Basado en Reglas,"(0, '0.0%')",3,0,3,0,200,2,4.166530609130859,0.020832653045654296,0.0068942348162333135,3.444492816925049e-05
2,Agente Basado en Reglas,"(0, '0.0%')",Agente Alfa-Beta,"(200, '100.0%')",0,3,0,17,200,3,1446.3929634094238,7.231964817047119,7.378269519124713e-05,1.035886024548894
3,Agente Alfa-Beta,"(200, '100.0%')",Agente Basado en Reglas,"(0, '0.0%')",3,0,17,0,200,3,1809.4778800010681,9.04738940000534,1.1308497549593448,5.801865032741002e-05
