,Jugador 1,Victorias 1,Jugador 2,Victorias 2,Profundidad 1,Profundidad 2,Ramificación máxima 1,Ramificación máxima 2,N.º Partidas,Tamaño del Tablero,Tiempo total,Tiempo medio por partida,Tiempo medio para mover 1,Tiempo medio para mover 2
0,Agente Aleatorio,"(4, '2.0%')",Agente Alfa-Beta,"(196, '98.0%')",0,2,0,5,200,2,1.942516565322876,0.00971258282661438,0.00010622779528299966,0.0030630625287691752
1,Agente Alfa-Beta,"(199, '99.5%')",Agente Aleatorio,"(1, '0.5%')",2,0,5,0,200,2,3.2470169067382812,0.016235084533691407,0.004528538187344869,7.876336574554441e-05
2,Agente Aleatorio,"(12, '6.0%')",Agente Alfa-Beta,"(188, '94.0%')",0,2,0,22,200,3,206.87632536888123,1.0343816268444062,0.00012671454545395373,0.11409199142430256
3,Agente Alfa-Beta,"(192, '96.0%')",Agente Aleatorio,"(8, '4.0%')",2,0,22,0,200,3,239.02233934402466,1.1951116967201232,0.12482674472018929,0.000125997290036723
