,Jugador 1,Victorias 1,Jugador 2,Victorias 2,Profundidad 1,Profundidad 2,Ramificación máxima 1,Ramificación máxima 2,N.º Partidas,Tamaño del Tablero,Tiempo total,Tiempo medio por partida,Tiempo medio para mover 1,Tiempo medio para mover 2
0,Agente Basado en Reglas,"(0, '0.0%')",Agente Alfa-Beta,"(200, '100.0%')",0,2,0,5,200,2,2.7064809799194336,0.013532404899597167,6.752163171768189e-05,0.0032983696460723876
1,Agente Alfa-Beta,"(200, '100.0%')",Agente Basado en Reglas,"(0, '0.0%')",2,0,5,0,200,2,3.6612439155578613,0.018306219577789308,0.00453338623046875,2.4355649948120114e-05
2,Agente Basado en Reglas,"(43, '21.5%')",Agente Alfa-Beta,"(157, '78.5%')",0,2,0,18,200,3,190.0115613937378,0.9500578069686889,8.607674367500072e-05,0.09994538118773039
3,Agente Alfa-Beta,"(118, '59.0%')",Agente Basado en Reglas,"(82, '41.0%')",2,0,20,0,200,3,242.79137253761292,1.2139568626880646,0.12035342443591417,9.073158105214436e-05
