,Jugador 1,Victorias 1,Jugador 2,Victorias 2,Profundidad 1,Profundidad 2,Ramificación máxima 1,Ramificación máxima 2,N.º Partidas,Tamaño del Tablero,Tiempo total,Tiempo medio por partida,Tiempo medio para mover 1,Tiempo medio para mover 2
0,Agente Basado en Reglas,"(0, '0.0%')",Agente Alfa-Beta,"(200, '100.0%')",0,2,0,3,200,2,2.02384877204895,0.01011924386024475,4.425644874572754e-05,0.0032952455679575595
1,Agente Alfa-Beta,"(200, '100.0%')",Agente Basado en Reglas,"(0, '0.0%')",2,0,5,0,200,2,3.375217914581299,0.016876089572906493,0.004161114394664764,4.126707712809244e-05
2,Agente Basado en Reglas,"(138, '69.0%')",Agente Alfa-Beta,"(62, '31.0%')",0,2,0,17,200,3,155.01864552497864,0.7750932276248932,9.827627076043025e-05,0.09238926905724738
3,Agente Alfa-Beta,"(130, '65.0%')",Agente Basado en Reglas,"(70, '35.0%')",2,0,17,0,200,3,180.9703664779663,0.9048518323898316,0.10490862187412053,7.031384205061291e-05
